1.84256728741731,0.282870482325817,1
13.2482708896733,0.681517092611347,2
0.424541250793047,1.32017276124607,3
14.3048304871198,13.9678340785151,4
1.44990534446696,15.2102765633457,5
3.46466946418663,1.62107715627761,1
20.0021953469198,1.92348821895615,2
1.27855108618518,3.26024366905901,3
22.0909477622575,20.8323219705985,4
3.0896175909675,22.893284818125,5
5.66691340227107,3.1542970031678,1
24.7591066630936,3.58174572723149,2
2.28920409096552,5.80132662731834,3
27.0961741137069,25.2931923402825,4
4.99310952451785,27.6035123716736,5
7.89442909596851,4.52825195505432,1
28.2635172771464,5.25711694427557,2
3.26835009104899,8.26955654573422,3
30.3600563923423,28.4076081546842,4
6.73222639843257,30.6665644162968,5
9.92464121446968,5.65776179744886,1
30.8834637405655,6.76398439101944,2
4.13039667836956,10.4230664296306,3
32.530430397999,30.6685774621981,4
8.19059251798197,32.7701303778814,5
11.6857778968875,6.55790155871444,1
32.8637015844672,8.04301909098639,2
4.84472768746315,12.2039191765338,3
34.0013729157641,32.3452032781702,4
9.36382135936329,34.2808416307373,5
13.1778945052856,7.26876393054962,1
34.374821312006,9.09384446335346,2
5.41409741330137,13.6271251383472,3
35.0180243897748,33.6009252982584,4
10.2900456209871,35.403676167057,5
14.4322636275141,7.8331055492089,1
35.5421848393824,9.94139702821533,2
5.85387953693091,14.7349204550187,3
35.7308209093063,34.5461011297248,4
11.0124690370155,36.2577351262494,5
15.4921160493536,8.28850404482976,1
36.4539028308992,10.6170727053274,2
6.18596240902861,15.5667681588712,3
36.2382000405601,35.2597880803042,4
11.5724026775222,36.9141679377992,5
16.3977512093956,8.66687266537129,1
37.175333131435,11.1513119787701,2
6.42740618055497,16.1648791417298,3
36.602393875084,35.7993959910642,4
12.0034090268934,37.4203665979434,5
17.1844471451695,8.99477598195535,1
37.7554945676245,11.5732375499908,2
6.59679580112892,16.566033868368,3
36.8675328693102,36.2100981239253,4
12.3339361650106,37.8095084152047,5
17.8818113276337,9.29035355693556,1
38.2289895148403,11.901686902903,2
6.70884716709113,16.7967850828507,3
37.0611646899213,36.5212675493576,4
12.5832944626925,38.1028405026348,5
18.5134692244795,9.56853192090188,1
38.6248255736649,12.1582630008911,2
6.77790487923555,16.8856864600745,3
37.2036385611436,36.7594515723652,4
12.768192228364,38.3197167383675,5
19.0955500433297,9.8377119256369,1
38.963107972609,12.3573211833076,2
6.81865471570826,16.8593027818659,3
37.3090619001624,36.9442895528416,4
12.9018238767618,38.4739643566094,5
19.6383470413813,10.103614375768,1
39.2582819169093,12.509595605552,2
6.84338356535992,16.7398946863867,3
37.3864331726379,37.0883014801301,4
12.9925397483937,38.5781769985818,5
20.1464590258239,10.3676551168887,1
39.5213035878759,12.6262622748541,2
6.86143627527048,16.5493209238013,3
37.4455799400829,37.2040985500445,4
13.0506352909235,38.6402020881927,5
20.6219657254656,10.6303634161882,1
39.7578295694132,12.7148042429102,2
6.88123478155345,16.3076060776329,3
37.4885215052777,37.2992996177089,4
13.0793118190615,38.6704385967472,5
21.0654119989036,10.8898515897919,1
39.9748284592826,12.779805499167,2
6.90807665831096,16.035809872202,3
37.521088838529,37.3787804209007,4
13.0864080053027,38.6766533184375,5
21.4772973239054,11.1438792080968,1
40.1749139121778,12.8258961311036,2
6.94466954123758,15.7481532580321,3
37.5444923390734,37.4465330967104,4
13.0756789563655,38.6650455092525,5
21.85694652076,11.3901481260299,1
40.3576265505861,12.8576620099882,2
6.99200878362123,15.4569061923231,3
37.5627741808673,37.5064624107178,4
13.0526250363394,38.6407486299189,5
22.2024657923346,11.6260342813117,1
40.524605344174,12.8774624332526,2
7.04779687748782,15.171862237427,3
37.5761123198027,37.5604478102855,4
13.0200583016388,38.6070298807803,5
22.517534269552,11.8483373780846,1
40.6767276524235,12.8886017540609,2
7.11220415615105,14.9009898561875,3
37.5869508445029,37.6092345474715,4
12.9824117697212,38.5685684424398,5
22.8007270244798,12.0568654028975,1
40.8136648381241,12.892280654794,2
7.18195642461419,14.6495558014534,3
37.5944087209112,37.6540282347321,4
12.9407493935845,38.5282564856901,5
23.0563154619311,12.2510102334436,1
40.9379033276628,12.8904835465936,2
7.25507403441369,14.4184856649808,3
37.5992079957214,37.6954256633672,4
12.8970008187333,38.4872386299094,5
23.2839211035243,12.4304049565106,1
41.0479560988435,12.8839584766951,2
7.33005325547066,14.2095723691997,3
37.6025308725889,37.7325241680682,4
12.8533434821542,38.4481665675056,5
23.4876351783759,12.595252825624,1
41.1453368852148,12.8746567222999,2
7.40456832681113,14.0197947283629,3
37.6065373122928,37.7670318046901,4
12.8126003497871,38.409307484823,5
23.6688475941234,12.746754306746,1
41.2324684193939,12.8643559520834,2
7.47621631616853,13.8513390417699,3
37.6081039654633,37.8000630683941,4
12.7724245700156,38.3734086683007,5
23.8300103370299,12.8846392691924,1
41.3091616939054,12.8506653289092,2
7.54527780793222,13.7007851457142,3
37.6097809068602,37.828397270626,4
12.7348023236786,38.3399102244674,5
23.9743308900783,13.0101830416825,1
41.3768523097475,12.8389248349704,2
7.61190001524508,13.5686520827825,3
37.6107917525963,37.8560760366476,4
12.700011525103,38.3102000352066,5
24.0996696970481,13.1259748791755,1
41.4348423484632,12.8235125027235,2
7.67312775917025,13.4524081783122,3
37.6130916532815,37.8800392224001,4
12.6685869434723,38.2835962982008,5
24.2125481994916,13.2311788637838,1
41.4861233024925,12.8089835767624,2
7.73063931720252,13.3496372478625,3
37.6142448856007,37.9023493421468,4
12.6392889787857,38.2597386269984,5
24.3112780764529,13.326725741174,1
41.5306068416276,12.794214346398,2
7.78285690951383,13.2588381320397,3
37.6156942737275,37.9230472196839,4
12.6130520532328,38.2373354650627,5
24.3993440542053,13.4139499207468,1
41.5690959419854,12.7793159106484,2
7.83205718333993,13.1799094492585,3
37.6169466813333,37.9413514602476,4
12.5893279612223,38.2184685633334,5
24.4767482011354,13.493018834973,1
41.60305601362,12.7650555153939,2
7.87616801468965,13.1080923676539,3
37.6191749429562,37.9577568264492,4
12.5682560368531,38.2005945502474,5
24.5438687981554,13.5649270455796,1
41.6310566675156,12.7516063018351,2
7.91627254571361,13.0450549570594,3
37.6200810264448,37.9727709918231,4
12.54827432653,38.1848421270901,5
24.6029639828754,13.6309164165797,1
41.6560277394323,12.7385956480608,2
7.95201350327947,12.9907557374662,3
37.6215634451272,37.986023858916,4
12.5310395038758,38.1726372639549,5
24.6535132431699,13.6914534634366,1
41.6754880274332,12.725178992671,2
7.98466388671921,12.9426247648522,3
37.6233471429484,37.9975844535239,4
12.5150666270694,38.1617424178257,5
24.6997168566953,13.7463751686557,1
41.6936571308609,12.7133875265451,2
8.01424345959955,12.9005109008046,3
37.6252636424259,38.0092132276201,4
12.5015798612494,38.151891482337,5
24.7403287164645,13.7952494953944,1
41.7085076882122,12.7026253748726,2
8.04119323759301,12.8616615363226,3
37.6279842450429,38.018833501047,4
12.490379909904,38.1425713238052,5
24.7756847341301,13.8394462848467,1
41.7218855675663,12.6910531423628,2
8.06536350915573,12.8279012106955,3
37.6292549398664,38.0262482844169,4
12.478932531207,38.1350802726735,5
24.8059899082302,13.8817134920087,1
41.7318324279833,12.6803803461308,2
8.08664767563901,12.7986746665733,3
37.630919585935,38.0342051859228,4
12.4684395382444,38.1287918753594,5
24.8342178984371,13.9206830360966,1
41.7414585651746,12.669489736288,2
8.10682455770903,12.7729066630548,3
37.632594200691,38.0406060310939,4
12.4592754615152,38.1240037161206,5
24.8661918284643,13.9105350165797,1
41.7964228789813,12.7061064675612,2
8.08767525476915,12.7884484025032,3
37.6576171455311,38.1125946925274,4
12.446630609763,38.1841194221234,5
24.8968732683359,13.9074386671712,1
41.8417056656681,12.7565911606219,2
8.0772932244509,12.8147041976816,3
37.6695396858076,38.1679982445603,4
12.4424975246726,38.2260616289681,5
24.9301151715486,13.9051658229952,1
41.8818928669045,12.813792136881,2
8.07399176071666,12.8491698342411,3
37.6750286173498,38.2147233513591,4
12.4449423368016,38.2591450802966,5
24.9627748249615,13.9000716424616,1
41.9163675984122,12.8766114271243,2
8.07645926680357,12.8858678393304,3
37.6777879542713,38.2574443285707,4
12.4512270141888,38.2853813870041,5
24.9972508274283,13.8837353997934,1
41.9502209980316,12.9455162696327,2
8.08064252556597,12.9263197794405,3
37.6764929727943,38.2985469816741,4
12.4614892689873,38.3054797439718,5
25.0325053816778,13.8566812091614,1
41.9829590970245,13.0173485202057,2
8.085793588134,12.9684747021657,3
37.6713138034346,38.3357820255263,4
12.4707250680274,38.3223145326836,5
25.0679900261092,13.8201266720199,1
42.0158638965716,13.0954039141616,2
8.09113373059106,13.0136947617111,3
37.6625146299597,38.3718319467788,4
12.4809296852944,38.3383627295845,5
25.1039991523905,13.7677648716641,1
42.0492194657237,13.1805581777049,2
8.09627046180354,13.0603729436322,3
37.6500257772123,38.4072022683141,4
12.4920396238451,38.3494665977235,5
25.1388784286437,13.6981500348845,1
42.0830904090665,13.2721454761174,2
8.10091358220357,13.1146667907451,3
37.6318376441528,38.4415241370744,4
12.5026025703901,38.3587425896751,5
25.175624832551,13.610024654918,1
42.1200863573246,13.375599480275,2
8.10323850790312,13.1737429587527,3
37.6064890768885,38.4784827078008,4
12.5111698222508,38.3635793415588,5
25.2139640265266,13.4984972341674,1
42.1583258445981,13.4873791143622,2
8.10592605144364,13.2385843001513,3
37.5805952685625,38.5114130977658,4
12.5252598509998,38.3661746633862,5
25.2474698723523,13.3614985422007,1
42.1949787961882,13.6135390636539,2
8.10492315490517,13.3083554138544,3
37.5465004393402,38.5447416136918,4
12.5384218506,38.3638499533013,5
25.2871143360901,13.1979798375987,1
42.236894402162,13.7539967824722,2
8.10263717954991,13.3890994854161,3
37.5091981894308,38.5794043605335,4
12.5558893177337,38.3586784506149,5
25.3239469682032,13.0028121613786,1
42.2775322727476,13.9115703464135,2
8.09838658787783,13.480858744924,3
37.4647060882435,38.6129812007415,4
12.5750925760244,38.3517628761834,5
25.3596535857833,12.7758018769244,1
42.3182866830437,14.0856482478698,2
8.09194432430526,13.5849982369104,3
37.4130402220079,38.6456409918189,4
12.5964781777611,38.3430626558012,5
25.3949341085697,12.5110890593711,1
42.3546586927084,14.2786051543776,2
8.08443041569373,13.7034453839032,3
37.3541254134637,38.6785203524025,4
12.621204259471,38.3311432542041,5
25.4302520168331,12.2112992949323,1
42.3880386009837,14.4922382717897,2
8.07700131903943,13.8377964871789,3
37.286442894487,38.712071911106,4
12.6477403277773,38.3192234752469,5
25.4646210475095,11.8780106435599,1
42.4134265439882,14.7273612131207,2
8.07236936843863,13.9883988775021,3
37.2135606417349,38.7490656064671,4
12.6790416382731,38.3080728612487,5
25.4986569295614,11.5109229951004,1
42.430672014314,14.9796918522749,2
8.07032042472922,14.1546441711057,3
37.1344351549029,38.7864862460493,4
12.7126932069965,38.2976488670698,5
25.5321956095089,11.1183358936431,1
42.4355403470279,15.2497262695355,2
8.07348692951542,14.3364684661873,3
37.0486127042728,38.8292740755477,4
12.7459752334037,38.2908092609638,5
25.5676785183515,10.7022930218548,1
42.4276841105977,15.5355572070626,2
8.08402139194537,14.5297709022399,3
36.9595838736998,38.8783401910219,4
12.7819735025766,38.285847812794,5
25.6049486209468,10.2708721019054,1
42.4036705515161,15.8335617041105,2
8.10547732857026,14.7352826977454,3
36.8672885736897,38.9340759160658,4
12.8169747926319,38.2885835881111,5
25.6440643031999,9.82860331074324,1
42.3631586358679,16.1372989158778,2
8.13798288656241,14.9480046038566,3
36.7740115847519,38.9962839194076,4
12.850041867838,38.2964213666071,5
25.686719349278,9.38292730627015,1
42.304739804281,16.4471282662393,2
8.18201650251898,15.1651313859778,3
36.6817772134184,39.0689541743186,4
12.8815039322461,38.3109714413684,5
25.7327068797347,8.94292600325458,1
42.2280429417055,16.7590342176354,2
8.23950296527398,15.383343380379,3
36.5945679033675,39.1523969118278,4
12.9103772988641,38.3355337139504,5
25.7849911352921,8.51004350030196,1
42.1331553097653,17.0685951732695,2
8.31131127689014,15.6007582664433,3
36.5112320552788,39.2465155717364,4
12.9342847913658,38.3697092834,5
25.8459357734315,8.08932991405479,1
42.0213860444071,17.3778045503574,2
8.39629213050738,15.8122310579327,3
36.4349982180122,39.3543102300864,4
12.9536551568074,38.4119639615383,5
25.9178465004897,7.68142693676994,1
41.8916515195892,17.684986274625,2
8.49545735113613,16.0149620361862,3
36.3672659866442,39.4767026073367,4
12.9667638733495,38.461948847785,5
25.9995163660281,7.2850454828717,1
41.7434434221277,17.9880656556488,2
8.60757737863001,16.2099097784403,3
36.3110005259654,39.612385372883,4
12.9738752527154,38.5204360646774,5
26.0988773614857,6.89807406185857,1
41.5752104325784,18.2917599696033,2
8.73356786562049,16.3942008510501,3
36.2697221985957,39.7645165227075,4
12.976441663124,38.5873524576721,5
26.2162597323993,6.52126820543254,1
41.3881315503865,18.5965689101056,2
8.87197470006719,16.5675171954061,3
36.2413417449319,39.9342963746767,4
12.9709522407266,38.6619806245476,5
26.3588716929917,6.16627421322576,1
41.1920040593005,18.9024581369129,2
9.01989787185079,16.727602035448,3
36.2275847033702,40.1176293287716,4
12.9598916016993,38.7468809983538,5
26.5297241214176,5.85580841580166,1
40.9985425299917,19.2088812008652,2
9.16341348084272,16.866046805865,3
36.2241088373033,40.3096380256942,4
12.9433193158511,38.8367025210211,5
26.7352778840625,5.59707413094601,1
40.8123721821551,19.5190310708419,2
9.29445176438142,16.9782814332094,3
36.2286868753141,40.5063383017793,4
12.9234963595214,38.9261628748699,5
26.9813374268219,5.39001459926104,1
40.6346218151959,19.8401679370268,2
9.41003426638862,17.0607516561095,3
36.2388801357667,40.7069651943289,4
12.9010287362477,39.0088543713776,5
27.2812748940447,5.22564881958661,1
40.4623978071379,20.1814385103911,2
9.51211453502143,17.1122338804534,3
36.2563096791616,40.9102911570774,4
12.8812652685209,39.0833274641453,5
27.6582565333218,5.09375206612503,1
40.2869420397147,20.5592346076121,2
9.60146173492495,17.1295610117748,3
36.2771182919472,41.1163617293932,4
12.8636419989528,39.1455249671391,5
28.1484229453085,4.98372534920366,1
40.0892277862998,21.0044995834776,2
9.68134213581738,17.1079614700028,3
36.3009389063382,41.330393091827,4
12.8466485692505,39.1936633733743,5
28.7795484203362,4.89298014735676,1
39.8507107272054,21.5402712889796,2
9.75851977965384,17.0411166412031,3
36.3288559614876,41.5575879617931,4
12.8277549411726,39.2279768182148,5
29.5037628701056,4.83676876679916,1
39.5785987739146,22.1292759970464,2
9.83798666967682,16.9188772408492,3
36.360730442764,41.8057394563269,4
12.8046963387137,39.2468947806023,5
30.2559732429968,4.8243173414518,1
39.2904176383389,22.7179886924751,2
9.92250698222157,16.7428402671467,3
36.3937801963755,42.0700614282114,4
12.7715863398714,39.2500977107141,5
30.9871823943712,4.85121766842933,1
39.0052450754183,23.2628132452862,2
10.0152967602934,16.5223388064267,3
36.4266329111956,42.3400645964529,4
12.7267832480138,39.23674895707,5
31.666315139332,4.90881826752364,1
38.7356255464669,23.7418138552539,2
10.114573778312,16.266132481012,3
36.4586857430388,42.6016704761757,4
12.669461487454,39.2048561996291,5
32.2815877317067,4.98460305446779,1
38.4895590342677,24.147200804117,2
10.2202229249151,15.9892424967221,3
36.4845745976654,42.8410229300718,4
12.5985256265321,39.1551724426388,5
32.8275810949115,5.06922662709785,1
38.2700739627392,24.4843594411504,2
10.3286155774742,15.702472908175,3
36.5004166116019,43.0526137751687,4
12.5152310939608,39.0881104030583,5
33.3086929070753,5.15591109419473,1
38.0792687027119,24.7607533905463,2
10.4387075696889,15.4127060604159,3
36.5024908964079,43.2323629629228,4
12.4215294572163,39.0031029445818,5
33.7312950489454,5.24072757612584,1
37.9139784957599,24.9859864941433,2
10.5494063856143,15.1240817724383,3
36.4913837548296,43.381769894131,4
12.3194229987091,38.9012242227132,5
34.0980918993765,5.32071237901103,1
37.771409496474,25.1694469338779,2
10.6570776835565,14.8436977990763,3
36.4644339069628,43.5028669762086,4
12.2101089147755,38.7855560259272,5
34.4166884388874,5.39376586423776,1
37.6485829625814,25.3186737218197,2
10.7619343397309,14.5694181668017,3
36.423422800166,43.6012793283297,4
12.0953045889297,38.6559224654296,5
34.6914513406887,5.45968203503734,1
37.5447243812404,25.4397398456052,2
10.8633784059901,14.3052390271526,3
36.3681295495372,43.6792070951712,4
11.9766806946103,38.5156326778652,5
34.9294138287161,5.51795174888709,1
37.4597155527826,25.5387315654035,2
10.9612669264082,14.0462084512356,3
36.3004884394216,43.7426420959989,4
11.858530977423,38.3621963101725,5
35.1373457082302,5.5711899368274,1
37.3888518338287,25.6203620300583,2
11.0560250301133,13.7924533009017,3
36.2191953818393,43.7918157997568,4
11.7374927881206,38.1995324533978,5
35.3199536463783,5.61881870215235,1
37.3302672807265,25.688033033852,2
11.1474405231295,13.5441952788445,3
36.1305274804759,43.8316426912117,4
11.6190473396086,38.0310439804879,5
35.481191854778,5.66121371244657,1
37.2826841213112,25.7440259187796,2
11.2353631826177,13.2997239583028,3
36.030820856257,43.8628254566774,4
11.5009584308088,37.8553257055072,5
35.6256632863863,5.69822527899473,1
37.244320458727,25.7911695781858,2
11.3190675722503,13.0595851488914,3
35.9223929983672,43.8875650786836,4
11.3857429888608,37.6757004174577,5
35.7547171828488,5.73204514401497,1
37.2150844543564,25.8309339487382,2
11.401746739619,12.8248659335969,3
35.810683914544,43.9068726614829,4
11.2742513985246,37.494666227353,5
35.8708206517608,5.7613631774386,1
37.1945317875987,25.8648325343391,2
11.4778371922933,12.5983137800373,3
35.694110615443,43.9232910972203,4
11.1708769181725,37.3143549508435,5
35.9762378246686,5.78865145818948,1
37.1792353995063,25.8953049799631,2
11.5508372118984,12.3759875580023,3
35.5743717088627,43.9375624496322,4
11.0715692420938,37.1345619028466,5
36.0720007142933,5.81279684655514,1
37.170866910453,25.9198992209665,2
11.6195696946381,12.159172256572,3
35.4547769153691,43.9478578672443,4
10.9806529445078,36.9558109533464,5
36.159340805471,5.83550012865237,1
37.1669587342859,25.9427159883185,2
11.685191403609,11.9520043454967,3
35.332556233722,43.956203919097,4
10.8929794406191,36.781922209368,5
36.2377220216096,5.85751214230037,1
37.1676066185566,25.9634747247713,2
11.7464485241195,11.7544813571112,3
35.2137869154163,43.962518292365,4
10.8130860358246,36.6146333978245,5
36.3110640581523,5.87682186129849,1
37.1739308770445,25.9822225860672,2
11.8053244366851,11.5670531108025,3
35.0971795482928,43.9688500648835,4
10.7412472348927,36.4542219461446,5
36.3783864957101,5.89463873863096,1
37.1824256158906,25.9993688772733,2
11.8617993781375,11.3894949543189,3
34.9846398179554,43.9739953088013,4
10.6746731596903,36.301114458869,5
36.4387308329996,5.91080048262971,1
37.1931352964384,26.0143211543015,2
11.9144421850857,11.2248569705102,3
34.8755619260029,43.976891460281,4
10.6126103305827,36.1582216165561,5
36.4939243828871,5.92596559179359,1
37.2063967227775,26.0288004491261,2
11.963362495145,11.0722123102022,3
34.7725968132862,43.9801545726361,4
10.5580060563463,36.0245492975868,5
36.5435068121753,5.94012686931765,1
37.220310665494,26.0423432735378,2
12.0082784170976,10.9312930241716,3
34.6736833571779,43.9819934915414,4
10.5074333278269,35.9004300482792,5
36.5872486985487,5.95272038057221,1
37.235588781954,26.0549105248618,2
12.0501039940691,10.8001531502978,3
34.5787966929191,43.9835121804112,4
10.4606737865676,35.7829081848696,5
36.6288624134364,5.96443826496473,1
37.2508780980905,26.0667681514632,2
12.0896623398334,10.6818422333111,3
34.4893593514176,43.984599134356,4
10.4179328367412,35.6764236176575,5
36.6654086031029,5.97529595540479,1
37.2687180072297,26.0783974356884,2
12.1258793853359,10.5739211259867,3
34.4061719941555,43.9853164247943,4
10.3810650271915,35.5778622609519,5
36.698879961534,5.98477060399521,1
37.2861465845909,26.0884947929343,2
12.1588584654778,10.4752087450709,3
34.3269705837474,43.9849275139566,4
10.3470199434394,35.4871632223924,5
36.7282264797911,5.99459140169992,1
37.3033770528806,26.0992866781671,2
12.1896161966803,10.3860865087639,3
34.253589436302,43.9856508338699,4
10.3161223461497,35.4045569455564,5
36.75504639833,6.00298255835323,1
37.3211402979977,26.1088048742326,2
12.2178750498607,10.3062402101349,3
34.187325654925,43.9856517090204,4
10.2900265538746,35.3299378418437,5
36.778428568435,6.01075011714477,1
37.337400811029,26.1177734958853,2
12.2422585387748,10.2334339134943,3
34.1248921597044,43.9852733551682,4
10.2659324344228,35.2614826785252,5
36.799855316558,6.01804614799465,1
37.353428133172,26.1259119837455,2
12.2659288010425,10.1665893284759,3
34.0667865739737,43.9837219654941,4
10.2433339792175,35.1985709903346,5
36.8184487091537,6.02389551609025,1
37.3697603983533,26.1333979238561,2
12.2869131453889,10.1087920474867,3
34.0130113719436,43.9833194606793,4
10.2238685887504,35.1421640900311,5
36.8335302020142,6.0298049275748,1
37.3844023987975,26.1406622461571,2
12.3051101969476,10.0563416555424,3
33.9626402094408,43.9820906787253,4
10.2047960616666,35.0903632794731,5
36.8474544584789,6.03582507562814,1
37.3987102718755,26.1474641794501,2
12.3216755001685,10.0080932867901,3
33.9169254127167,43.9807943181929,4
10.1886801879577,35.0432116731796,5
36.8609314714719,6.03964991735673,1
37.4121725419861,26.1538988966255,2
12.3376244488916,9.96592178551271,3
33.8757336871904,43.9807080182421,4
10.1746598812619,35.001935364071,5
36.9429833228383,5.45016064523124,1
37.4598188661477,26.4734447783461,2
12.2162779249297,9.31189378232204,3
33.9774991696378,44.2060407495121,4
9.92545576534035,34.9407751589776,5
37.0119237567575,5.13530891501685,1
37.418132116687,26.6668462099205,2
12.1785110813314,8.78911593228478,3
34.0045258775345,44.3706072617824,4
9.7731043621901,34.8221622164056,5
37.0840551778404,4.97410477353624,1
37.3428950645585,26.7896894912874,2
12.185856861933,8.35784787588145,3
33.9915803746147,44.4897554978217,4
9.67102126920377,34.6830573369385,5
37.1581061870903,4.89761258204538,1
37.2618842325769,26.8722113978609,2
12.2158583191334,7.99372388756616,3
33.9617543445719,44.5774989270953,4
9.59967063438867,34.5418565490674,5
37.2354517178497,4.86689182836689,1
37.1835952241247,26.9304373813242,2
12.2590983949405,7.68833124815502,3
33.9203281854479,44.6411992234934,4
9.54151420114273,34.4099799670615,5
37.3137207785272,4.86100331802025,1
37.1103115251941,26.9743430622545,2
12.3077162991243,7.43173607719012,3
33.8746448699804,44.6874532187913,4
9.49074450239849,34.2925904078737,5
37.38864364294,4.86948998211494,1
37.0497851015318,27.0092681219712,2
12.3582579682803,7.21521644307514,3
33.8272585834053,44.7210980227067,4
9.44761821085668,34.1884916673472,5
37.4602382094647,4.88426244512943,1
36.9997102379384,27.0362049175605,2
12.4073551336731,7.03416253291726,3
33.7804074291076,44.7448651515316,4
9.41040491399197,34.0982395643789,5
37.5277090396713,4.90168458083132,1
36.9559968137466,27.0589664944452,2
12.4551481141729,6.88397325659313,3
33.7336569071399,44.7617455018208,4
9.37448581321068,34.0211343432026,5
37.5880219448495,4.91866469319989,1
36.9205241785818,27.0782332001087,2
12.4984351951059,6.76062553950684,3
33.6886907529528,44.7742528707197,4
9.34229147963487,33.9554504803933,5
37.6430448779443,4.93619889626509,1
36.8930351735048,27.0954666291735,2
12.5380672643045,6.66038658049844,3
33.6462175033247,44.784043223184,4
9.31454962554326,33.9002560724985,5
37.6922830643188,4.9515470757924,1
36.8716012142326,27.1093564958671,2
12.5744825896687,6.5763737419568,3
33.6077325532762,44.7902723418061,4
9.29017086055133,33.853205812027,5
37.7359735061333,4.9663516012884,1
36.8533369334048,27.1220903634724,2
12.6072336284244,6.50896907630787,3
33.5713934979167,44.7947011306532,4
9.2669742616501,33.8139019668318,5
37.7725940155186,4.97909980782443,1
36.8393046300422,27.1332654795848,2
12.6343763114009,6.45423031142297,3
33.5389358313042,44.79850174718,4
9.24765591819727,33.7809934174637,5
37.8050395209456,4.99058555452898,1
36.8288197481881,27.1426991719609,2
12.6587109487282,6.40946264321424,3
33.5089129669569,44.8003945431815,4
9.23031986950462,33.7535362373805,5
37.8344845162948,4.99983376895926,1
36.8203150316282,27.1515308760405,2
12.6813320014406,6.37189636894655,3
33.4826775177297,44.8027478630048,4
9.21515992090842,33.7303243204931,5
38.0446938274179,3.92849745030743,1
36.6660716289794,27.6512463862877,2
12.7847280327471,4.88325697978223,3
34.0195579597316,45.3772862223324,4
8.4992912853952,34.0984495387455,5
38.2667475048559,3.37977384617725,1
36.2060839147247,27.9693305713113,2
12.9136008998741,4.00810275683538,3
34.4075859303256,45.7693146204383,4
7.98849252236914,34.3322120411249,5
38.4856326526884,3.11069861662812,1
35.6237540342198,28.1754917995226,2
13.0405915747376,3.50810716132287,3
34.7163281692622,46.0385133447083,4
7.57312636370658,34.5157472453015,5
38.6952282712226,2.99141469244803,1
35.0181112200985,28.3096575848648,2
13.1577971027899,3.22919499469244,3
34.9772192891104,46.2211826088111,4
7.21063600842923,34.6819908451163,5
38.8919720629753,2.95300006831996,1
34.4359135886862,28.3923170360407,2
13.2624611454048,3.07694256899416,3
35.2077482352006,46.3377115402444,4
6.88706549741967,34.8439203085879,5
39.078668301674,2.96124992583142,1
33.900231551036,28.4437455210739,2
13.3562700308605,2.99753501995943,3
35.4152588251668,46.4106503769639,4
6.59950821941755,35.0044192686034,5
39.257278954739,2.99660677300762,1
33.41293433636,28.470011644561,2
13.4408792748179,2.95916744603256,3
35.6041871815781,46.4477178811507,4
6.34395464194712,35.1644374926586,5
39.4294721766836,3.05046744273008,1
32.9727180334438,28.4792027816972,2
13.5177383349946,2.94180387297434,3
35.77946586467,46.4589805963001,4
6.12043630973546,35.321899470363,5
39.5843569397173,3.11470899673391,1
32.5713448349082,28.4767153399216,2
13.5815881140005,2.93538150046031,3
35.9438416658047,46.4504129948006,4
5.92414009900816,35.4757850540169,5
39.7342112830979,3.19089833269699,1
32.1989421667082,28.4646343039149,2
13.6389882069578,2.931540976876,3
36.1016955585568,46.4249732129148,4
5.7517689589989,35.6271735928046,5
39.8818886227066,3.27798990824402,1
31.8493550380433,28.4477744957865,2
13.6920493938282,2.92762562378425,3
36.2537462486969,46.3873713550576,4
5.59891868873098,35.7744331392763,5
40.026972637658,3.37576764183506,1
31.5155738552557,28.4277730183698,2
13.7409283119582,2.92132483747614,3
36.4047926030232,46.3376634113452,4
5.46434848684558,35.9167996396688,5
40.171223819216,3.48697863853485,1
31.1867524427285,28.4057397097431,2
13.7859276731405,2.91233345899435,3
36.5583618398824,46.2753426768491,4
5.34303217410101,36.0572619783809,5
40.3188834499361,3.61687588454475,1
30.8586310234799,28.3849982631705,2
13.8292573492989,2.89957239781182,3
36.7190757622265,46.1987919675557,4
5.23611706991045,36.1923327906251,5
40.4788906194083,3.77649736057165,1
30.5181314207075,28.3658191905991,2
13.8736783726768,2.88309783676817,3
36.8922352978104,46.1032995545419,4
5.14137812721511,36.3244071951108,5
40.6533841463877,3.9767409745997,1
30.1520266924477,28.3503040889799,2
13.9181838837151,2.86380422975251,3
37.086959859397,45.9820074325366,4
5.05986688575551,36.4541971237756,5
40.8577206286219,4.24516248878758,1
29.7385494205455,28.3425677956193,2
13.9668195302091,2.8412652711169,3
37.3107288252858,45.8271199352114,4
4.98981478589346,36.5827635945606,5
41.1110653983185,4.62869151961868,1
29.2378491539877,28.3478950418009,2
14.0218524149546,2.81436578943264,3
37.574884305385,45.6246666758874,4
4.92806724858518,36.7148869491623,5
41.4407602323969,5.19429057460559,1
28.5892757127955,28.3765079267372,2
14.090078349394,2.78131987979814,3
37.9003234370559,45.3536694688491,4
4.87456413564281,36.8591096080639,5
41.8916417796013,6.08934611166035,1
27.6504149288115,28.4527814129615,2
14.1787768810663,2.74115228005247,3
38.320793836765,44.9644443762818,4
4.82745613153609,37.0224220444094,5
42.5251963664736,7.56502894608413,1
26.0836055690506,28.6320594865036,2
14.3035295367453,2.68951887543145,3
38.8984013194209,44.3606305521638,4
4.78368252425403,37.2240439294588,5
43.1266190176696,9.14396496928105,1
24.594344527162,28.9019629786592,2
14.4936516586088,2.62301919074472,3
39.4643126033888,43.920585833497,4
4.74078822389477,37.4951355087297,5
43.6478031385596,10.5501037716196,1
23.6016512356455,29.2362733404539,2
14.7299810533304,2.56252918341502,3
39.9865968760459,43.7756727940904,4
4.7033226283621,37.7846615717446,5
44.1048929340437,11.7807517152337,1
22.9811708811126,29.6549385944356,2
14.9815555448033,2.52167601051025,3
40.5256809571178,43.8072243324424,4
4.66481313240383,38.0295709840249,5
44.5015616690883,12.85041320313,1
22.6036694653562,30.2384853905563,2
15.232287850918,2.49864202946693,3
41.1987130508245,43.8990076750929,4
4.5840361526781,38.1829815467827,5
44.8323774960768,13.7512690204842,1
22.3941210152164,31.0782076125977,2
15.47167659779,2.49089107868715,3
42.1775111059851,43.9448884743273,4
4.40021273350081,38.1984867696411,5
45.0843309989875,14.458580914326,1
22.3215212658029,32.0658213456871,2
15.6878605769218,2.49803070546484,3
43.4887469215925,43.8836907691538,4
4.14234759810224,38.0852754943952,5
45.2543073032056,14.9650253253491,1
22.3432393404181,32.9776944324042,2
15.8711655585313,2.51967207732883,3
44.8187965439317,43.7415653152844,4
3.88379910653597,37.8875780286055,5
45.3551466253271,15.2977540425567,1
22.4029757892233,33.6684590343791,2
16.0163909581305,2.55245597121354,3
45.8104244149405,43.6009778535223,4
3.68359356773188,37.6629525781506,5
45.4101029559388,15.5152141131557,1
22.4668889169298,34.1452956645256,2
16.1251932593965,2.58800945224829,3
46.4406682711249,43.5018714228931,4
3.55439598060023,37.4547400064849,5
45.44095703151,15.6661588117669,1
22.5223303338572,34.4646264823504,2
16.2037836986386,2.62160650774494,3
46.8150741228557,43.4467181303662,4
3.48013476495768,37.2812250670797,5
45.459032792615,15.7756748022028,1
22.5676362613491,34.6773669071883,2
16.2597003877189,2.65058562403278,3
47.0314761354116,43.4224929308396,4
3.44289316708161,37.1443177003961,5
45.4715345077494,15.8590401905679,1
22.6028626231228,34.819189775751,2
16.2994866289418,2.67346557833185,3
47.1554960668462,43.417925793834,4
3.42689673889579,37.0402819677322,5
45.4805238452182,15.9264517392945,1
22.6296580760903,34.9149053866164,2
16.3275629160281,2.69086957148068,3
47.2262184397943,43.4259158987533,4
3.42259886602842,36.9624730107714,5
45.4883624139055,15.9820017266288,1
22.6494517902564,34.9793622871995,2
16.3483556094579,2.7030175584804,3
47.2669776945323,43.4398247222128,4
3.42371736808502,36.905692632585,5
45.4950872477392,16.0284064075195,1
22.663940201982,35.0235095845584,2
16.3636880780028,2.71217479363534,3
47.2899124468822,43.456386715415,4
3.42714369886238,36.864168489325,5
46.9113549444155,16.4212367083388,1
22.6081391883491,35.9225241506328,2
15.9991040808319,1.95227212982308,3
47.9274893836934,44.757513270185,4
2.67025630530325,38.9059646574669,5
47.6539530482332,17.0857964834443,1
22.5431087798782,36.328264143902,2
15.8268805450556,1.57659760001699,3
48.2443182800708,45.6339424147914,4
2.26591733754479,39.9757867997879,5
48.0469834994597,17.765691475515,1
22.4876918874742,36.5087473256803,2
15.7486479236291,1.39145649672503,3
48.3999026966036,46.2482228324821,4
2.05032935786826,40.5369161544693,5
48.2574928386201,18.3596332411306,1
22.446304229848,36.5865277860572,2
15.7157920202929,1.30025280091784,3
48.475214303641,46.6875914612897,4
1.93541627759896,40.8322105090856,5
48.3718278138455,18.8147285410981,1
22.4170883018487,36.6181653021494,2
15.703963664242,1.25546115753421,3
48.5107581466303,46.9896266089654,4
1.87380213980702,40.9885691774777,5
48.4340733431361,19.1321126798462,1
22.3977473272211,36.6299063156783,2
15.7015537186643,1.23342256153419,3
48.5274398104433,47.1863967108942,4
1.84083394906334,41.0715609799809,5
48.468903962882,19.3512333117012,1
22.3850160205091,36.633249538596,2
15.7025936627975,1.222682631573,3
48.5347264688418,47.3152089918182,4
1.82297338734273,41.1160892618897,5
48.4882394995149,19.4907367156327,1
22.3771391276359,36.633635998638,2
15.7046849121983,1.2173505650575,3
48.5379140311247,47.3942696666086,4
1.81339413316238,41.1398408873112,5
48.4991662180106,19.5795773842039,1
22.3721287435164,36.6327089955462,2
15.706773415625,1.21474303299189,3
48.539193103379,47.4430548167998,4
1.80821591081253,41.1529203379502,5
48.5055766188124,19.6420190534461,1
22.3693002680873,36.6319998539752,2
15.708515462935,1.21344411757974,3
48.5395282489585,47.4763106275992,4
1.80550008256254,41.1597466517397,5
48.5093274604819,19.6821603804697,1
22.3675722980995,36.6313811107494,2
15.7098563420176,1.21273261247926,3
48.5395595143262,47.4972308537721,4
1.80401153521382,41.1634435284421,5
48.9207846113337,19.0466509638224,1
22.5438660088973,38.7167070082139,2
14.4740955234797,0.910661697145456,3
48.8364346811623,48.1502014522682,4
1.34105192711368,44.0317091499106,5
49.1263180626736,18.7321175381151,1
22.6255356515877,39.7537766616146,2
13.8551985305594,0.76131293779011,3
48.9848740316621,48.4770695000085,4
1.10895895150865,45.4672317536951,5
49.2289284979267,18.5743258189083,1
22.6616209979619,40.2684383870786,2
13.5432763235463,0.691605338067305,3
49.0590955956967,48.6404666044706,4
0.992526485455962,46.1862072498936,5
49.2801039386905,18.495749370188,1
22.6766997463611,40.5233954436184,2
13.3840856757864,0.663254521764534,3
49.0962095916266,48.7222124473566,4
0.934087012042496,46.546655045201,5
49.3056339973574,18.4563717952179,1
22.6824974581084,40.6495006953104,2
13.3017137512186,0.654667347579498,3
49.1147667841148,48.7630827295996,4
0.904739147224602,46.7275461706613,5
49.3183708968905,18.4366543815806,1
22.6844731204339,40.7118375724646,2
13.2587680252243,0.654027269455486,3
49.1240456400222,48.7835178566574,4
0.889996957550064,46.8183841303489,5
49.3247170855572,18.4267706012283,1
22.684930613237,40.742585725998,2
13.2360453366472,0.656186813453666,3
49.128685203645,48.7937354124758,4
0.882588013760843,46.8640535292161,5
49.4914860660833,15.6171853693793,1
22.6344445785325,43.8638847665145,2
10.2180991874405,0.495341566721963,3
49.2992772888319,49.0523596882877,4
0.681185869395378,48.1523339038151,5
49.5746978818731,14.1799649192314,1
22.6093140648803,45.4247440215938,2
8.70591193071394,0.426627922466577,3
49.3845759520345,49.1815142871056,4
0.580484727666328,48.7964867353551,5
49.6157357365795,13.3947490968836,1
22.5969068100772,46.2055980220377,2
7.93216015893049,0.457317369125378,3
49.4272305839032,49.2457414076437,4
0.530133441166606,49.1186327721337,5
49.6356708358418,12.9323677868164,1
22.5909386052362,46.5967214452005,2
7.51306949058992,0.594352998171197,3
49.4485634426926,49.2774751957472,4
0.504956561359213,49.2798345121377,5
49.6452287557096,12.6586912069464,1
22.5882483047534,46.7931875682933,2
7.25505082791593,0.848841976646813,3
49.4592331655724,49.2931069317471,4
0.49236601038371,49.3606339077029,5
49.6496734943116,12.4896246477241,1
22.5873034690286,46.8926808942116,2
7.043360436852,1.29419123000581,3
49.4645706943487,49.3007424182418,4
0.486067217933677,49.4013836101204,5
49.6516161516625,12.3828593090739,1
22.5876076626465,46.9449398698407,2
6.72347713603522,2.34111876245005,3
49.4672412310611,49.3044349790256,4
0.482908440012407,49.4227462575105,5
49.6522306750225,12.3180581636972,1
22.5898308301599,46.9779466376716,2
5.57023622697821,6.62441966733334,3
49.4685773994993,49.306217404574,4
0.481300672542771,49.4405857312012,5
49.6499640093293,12.2841570549938,1
22.5954759201942,47.0115359888835,2
3.65026166988078,14.0940786629045,3
49.4692454835418,49.3071086162123,4
0.480507908302793,49.49277395881,5
49.5632287025631,12.2112845666962,1
22.6017182333008,47.0493609318577,2
2.65164308012482,17.9925570744219,3
49.4695804357831,49.3074894714628,4
0.480128691726308,49.5215681784269,5
49.2120319363532,12.024602612889,1
22.6063925735281,47.0834065666919,2
2.10001528375426,19.9997144897972,3
49.4697479119027,49.3076798990832,4
0.479939096217283,49.5359664226239,5
48.7638276310398,11.7847131260191,1
22.6092452626849,47.1064731161365,2
1.77838605086816,21.0527635034921,3
49.4698335020665,49.3076427471283,4
0.479844299312333,49.5431656071933,5
48.216051112133,11.4905967777978,1
22.6107688564459,47.1191329181426,2
1.56230157216877,21.6374643336266,3
49.4698792035105,49.307418470174,4
0.479796900826118,49.5467652153272,5
47.4699511587827,11.1121306436606,1
22.6114850131647,47.1248255438442,2
1.37228684332193,22.0177597025917,3
49.4699050790233,49.3070903918092,4
0.479773201692045,49.5485650262357,5
46.5050854189344,10.6289478988747,1
22.61170273107,47.1258880847401,2
1.17113911833322,22.3247564146634,3
49.4699234573887,49.306550788969,4
0.479761352183831,49.5494649354382,5
45.583344116184,10.1454617923324,1
22.6116164735872,47.1240404577436,2
0.991660692344142,22.5679091154596,3
49.469939732214,49.3057614568526,4
0.479755427470527,49.5499148926378,5
44.8363923180734,9.70970841716359,1
22.6113875278925,47.1209494169981,2
0.853856253196263,22.7461246731061,3
49.4699570491886,49.3047056698166,4
0.479752465139162,49.5501398731632,5
44.2609201423986,9.32699400696189,1
22.6111168414923,47.1176436161849,2
0.754185063959919,22.8727629061499,3
49.4699752550013,49.3034622520758,4
0.479750983999343,49.5502523647431,5
43.8244469880719,8.9928545742159,1
22.6108699374343,47.1147689308686,2
0.684128189238372,22.9615672820133,3
49.4699935290859,49.3021247399356,4
0.479750243454474,49.5503086120587,5
43.4962344338112,8.69265108332061,1
22.6106669733655,47.1124754770965,2
0.636472349936822,23.0222108647135,3
49.470012797411,49.3006987548404,4
0.479749873194247,49.5503367364678,5
43.2609754980851,8.42436542029468,1
22.6105030037421,47.1106667479094,2
0.606597907223472,23.0602243671701,3
49.4700319903455,49.2992419382501,4
0.479749688064075,49.5503507986724,5
43.0958416674589,8.1875255272379,1
22.61039063653,47.1094510237837,2
0.589203987391854,23.0823652640995,3
49.4700498834423,49.2978326829251,4
0.47974959551108,49.5503578305158,5
42.9718639793574,7.96842763260411,1
22.6103111745557,47.1085973729362,2
0.579108886155535,23.0951752458711,3
49.4700676215691,49.2964501318627,4
0.479749549234583,49.5503613464375,5
42.8711686755533,7.7578997194085,1
22.6102571670967,47.1080186380562,2
0.573238647421204,23.1026061675028,3
49.4700851061087,49.2950760253173,4
0.479749526096334,49.5503631043983,5
42.7826872723867,7.5501170993863,1
22.6102320114572,47.1077442854552,2
0.569803660372436,23.1070594963171,3
49.4701022794175,49.2936980148286,4
0.47974951452721,49.5503639833787,5
42.7020828128461,7.34705891162475,1
22.6102175971172,47.107591877487,2
0.567702966192468,23.1098274472173,3
49.4701188003796,49.2923448447824,4
0.479749508742648,49.550364422869,5
42.6148605247651,7.11474419866253,1
22.6102067593373,47.1074723497229,2
0.5663564364318,23.1116000901295,3
49.4701380686961,49.2907989578454,4
0.479749505850367,49.5503646426141,5
42.5188601195436,6.85214130760849,1
22.610199088305,47.1073933709808,2
0.565427457000755,23.1128425278627,3
49.4701590229342,49.2890664531578,4
0.479749504404226,49.5503647524866,5
42.4009055134329,6.52568561394591,1
22.6102012444717,47.1074170967813,2
0.564750540256051,23.1138434677898,3
49.4701849494454,49.2869454112012,4
0.479749503681156,49.5503648074229,5
42.2394057299501,6.0765216552837,1
22.6101903203657,47.1073029872654,2
0.564082199875966,23.1147052986183,3
49.4702195514359,49.2840996143198,4
0.479749503319621,49.550364834891,5
41.9733360583422,5.33642785937817,1
22.6101879964312,47.1072736754597,2
0.563514661067816,23.1155169938017,3
49.4702731771474,49.2796248129528,4
0.479749503138853,49.5503648486251,5
41.5192355352637,4.07762762153914,1
22.6101839431374,47.1072338912051,2
0.562931773720362,23.1163529318404,3
49.4703458255657,49.2726118430934,4
0.47974950304847,49.5503648554921,5
41.0067778305721,2.67255300913532,1
22.6101818399798,47.1072123211941,2
0.562359822618291,23.1172077851893,3
49.470410777695,49.2653273946344,4
0.479749503003278,49.5503648589256,5
40.6352491322336,1.6672806638138,1
22.6101864357927,47.1072603379013,2
0.561958010063558,23.1178876229024,3
49.4704540672058,49.2602519588542,4
0.479749502980682,49.5503648606424,5
40.4169953630723,1.0824080070193,1
22.6101771236429,47.107164958334,2
0.561623482825888,23.1183125886229,3
49.470478860828,49.2573143465301,4
0.479749502969384,49.5503648615008,5
40.2974793349299,0.764354127546213,1
22.6101814175433,47.1072046964269,2
0.561486187938553,23.11857631434,3
49.4704922614724,49.2557172092256,4
0.479749502963735,49.55036486193,5
40.2338576411302,0.59597681527174,1
22.6101783992653,47.1071714658887,2
0.561373192764573,23.1187215108944,3
49.4704993400603,49.2548709318869,4
0.47974950296091,49.5503648621446,5
40.2001293654805,0.507170581401035,1
22.6101820532911,47.1072078435553,2
0.56134416133053,23.1188094816518,3
49.4705030664691,49.2544239950478,4
0.479749502959498,49.5503648622519,5
40.1824002032883,0.460674090827029,1
22.6101808993328,47.1071992807715,2
0.561311191302516,23.1188533496875,3
49.4705050150243,49.2541896763985,4
0.479749502958792,49.5503648623055,5
44.5234815771417,0.334579564874087,1
22.407009199081,48.3946107666628,2
0.41216705398036,23.7570998586262,3
49.5830462311238,49.4301242599893,4
0.396247612359376,49.6390918623153,5
46.69412475641,0.271986572323882,1
22.3054403346585,49.0386575559052,2
0.337702290363531,24.0762314962873,3
49.6393168390761,49.5180915675895,4
0.354496667059667,49.6834553623202,5
47.7834878522261,0.241060833016235,1
22.2546736042987,49.361287799474,2
0.300832758703292,24.2355782248011,3
49.6674521429725,49.5620752340117,4
0.333621194409813,49.7056371123226,5
48.3386207758091,0.225859591339148,1
22.2293010509172,49.523210707157,2
0.283060480691509,24.3146306196512,3
49.6815197948564,49.5840670757462,4
0.323183458084886,49.7167279873238,5
48.62275816632,0.218266237061355,1
22.2166202854645,49.6046362387379,2
0.274629805773125,24.3537650619026,3
49.6885536207988,49.5950629966282,4
0.317964589922422,49.7222734248244,5
48.7683433449443,0.214475095184566,1
22.2102824712277,49.6456257541586,2
0.270670998570472,24.3731227581802,3
49.6920705337713,49.6005609571353,4
0.31535515584119,49.7250461435748,5
48.8430679512476,0.212607598156665,1
22.207114872749,49.6663025314151,2
0.268843295035361,24.3826875824625,3
49.6938289902609,49.6033099382408,4
0.314050438800574,49.7264325029499,5
48.8816837449821,0.21167509144527,1
22.2055313913378,49.6767157900847,2
0.268014129960344,24.3873937276113,3
49.6947082185057,49.6046844287936,4
0.313398080280266,49.7271256826375,5
